Accelerometer,,,,,
time,x,y,z,,
0,9.041885376,0.43951416,-4.274139404,,
0,9.085174561,0.395553589,-4.301345825,,
0,9.098831177,0.402862549,-4.352966309,,
9,9.142929077,0.417312622,-4.37210083,,
29,9.179824829,0.504684448,-4.264755249,,
68,9.15196228,0.543945313,-4.158615112,,
88,9.178634644,0.535461426,-4.176483154,,
107,9.200119019,0.489257813,-4.220504761,,
127,9.169906616,0.490310669,-4.224700928,,
147,9.156814575,0.503540039,-4.245452881,,
168,9.129226685,0.506378174,-4.218063354,,
189,9.073516846,0.532073975,-4.241531372,,
206,9.101852417,0.564880371,-4.178359985,,
226,9.101638794,0.578994751,-4.246231079,,
245,9.143768311,0.555847168,-4.31338501,,
265,9.097595215,0.613693237,-4.328979492,,
286,9.073181152,0.667312622,-4.293304443,,
305,9.091644287,0.703063965,-4.197418213,,
324,9.158187866,0.749725342,-4.164489746,,
344,9.133270264,0.910949707,-4.190887451,,
364,9.079467773,1.077194214,-4.095535278,,
383,9.097488403,1.193084717,-3.995391846,,
404,9.14906311,1.43145752,-3.725372314,,
422,9.108123779,1.746780396,-3.424636841,,
443,8.993286133,1.770568848,-3.313110352,,
462,9.034881592,1.502334595,-3.382965088,,
482,9.406570435,0.878997803,-3.744125366,,
502,9.519744873,0.771591187,-3.186065674,,
523,9.023712158,0.680282593,-2.956756592,,
541,9.120605469,0.257919312,-3.35269165,,
561,9.705184937,0.467987061,-2.820098877,,
581,9.518798828,0.191131592,-2.873199463,,
600,9.128967285,-0.090515137,-2.931854248,,
620,9.183013916,-0.068725586,-2.844421387,,
641,9.359359741,-0.4712677,-2.917953491,,
659,9.458755493,-1.229293823,-2.732315063,,
680,9.889953613,-1.538085938,-2.194885254,,
699,9.59992981,-1.973236084,-1.877609253,,
719,9.584350586,-1.990722656,-2.30279541,,
738,9.84828186,-2.486434937,-3.386627197,,
758,9.225463867,-2.970794678,-3.20791626,,
777,8.891662598,-3.396881104,-2.183242798,,
797,9.183639526,-4.201477051,-2.723953247,,
817,9.418334961,-4.606399536,-2.949310303,,
836,9.442733765,-4.777587891,-2.921417236,,
856,9.122619629,-4.842346191,-3.235473633,,
876,9.085281372,-4.746368408,-2.590957642,,
896,9.076095581,-4.614212036,-2.958328247,,
916,8.908248901,-4.763000488,-3.065109253,,
935,8.739105225,-4.773712158,-2.940933228,,
974,8.878372192,-4.887557983,-2.872711182,,
994,8.908950806,-5.22883606,-3.22038269,,
1015,8.973617554,-5.185089111,-3.150115967,,
1034,8.994735718,-5.34992981,-3.152252197,,
1053,9.188201904,-5.440185547,-3.014862061,,
1073,9.444046021,-5.481948853,-3.229904175,,
1093,9.528717041,-5.443847656,-3.182754517,,
1113,9.18586731,-5.295776367,-3.06892395,,
1132,8.807418823,-4.864578247,-2.888259888,,
1152,8.608230591,-4.474227905,-3.055999756,,
1172,8.759689331,-4.315353394,-3.03729248,,
1191,8.84828186,-4.281982422,-2.999938965,,
1211,8.754226685,-4.351318359,-3.130615234,,
1231,8.846710205,-4.257034302,-3.027236938,,
1251,8.96383667,-3.974655151,-2.819946289,,
1270,9.209747314,-3.632324219,-2.767425537,,
1290,9.428115845,-3.434082031,-2.950500488,,
1309,9.576187134,-3.286590576,-2.887893677,,
1329,9.780532837,-3.152359009,-2.762939453,,
1351,9.840042114,-2.888122559,-2.585388184,,
1370,9.645019531,-2.503356934,-2.621673584,,
1388,9.37828064,-2.218704224,-2.516769409,,
1408,9.558242798,-1.58241272,-2.31072998,,
1428,9.47668457,-0.981750488,-2.118652344,,
1447,9.001068115,-0.596939087,-2.119064331,,
1467,8.978652954,0.068710327,-2.041900635,,
1490,9.366409302,0.886627197,-1.55255127,,
1508,9.006546021,2.251434326,-1.34085083,,
1527,9.181549072,3.460845947,-1.672866821,,
1546,8.522628784,4.159011841,-1.923568726,,
1566,7.882751465,4.843826294,-1.99029541,,
1585,9.509262085,5.847915649,-2.890014648,,
1606,9.496520996,6.123184204,-2.80871582,,
1625,8.603286743,5.933441162,-2.61491394,,
1644,8.529205322,5.81427002,-2.953979492,,
1664,8.458206177,5.406143188,-2.938995361,,
1684,8.669937134,4.727813721,-2.960571289,,
1703,8.650085449,4.394485474,-3.044662476,,
1728,8.804641724,4.36517334,-3.034255981,,
1745,8.855667114,4.581115723,-2.86378479,,
1763,8.96333313,4.803741455,-3.468048096,,
1782,8.955825806,4.993362427,-2.948394775,,
1802,9.026229858,5.020706177,-2.998336792,,
1822,8.878128052,4.887695313,-2.950958252,,
1843,8.807220459,4.892852783,-3.022369385,,
1881,8.620376587,4.880508423,-2.938674927,,
1901,8.578521729,4.836486816,-2.854782104,,
1921,8.665344238,4.776077271,-2.883300781,,
1940,8.649246216,4.6353302,-2.97869873,,
1960,8.623168945,4.39932251,-3.003616333,,
1979,8.735229492,4.283615112,-2.678512573,,
2000,9.182861328,3.913909912,-2.91166687,,
2019,8.823699951,3.51763916,-2.901596069,,
2038,8.681503296,2.951568604,-3.072753906,,
2058,8.751953125,2.640289307,-3.153091431,,
2082,9.084823608,2.233779907,-2.989868164,,
2100,9.261413574,1.454269409,-3.101119995,,
2119,9.286590576,0.574111938,-3.478118896,,
2137,9.340072632,-0.004684448,-3.606277466,,
2157,9.398132324,-0.340332031,-3.702484131,,
2176,9.216171265,-0.754074097,-3.791427612,,
2197,8.99786377,-1.034088135,-4.137161255,,
2216,9.018005371,-1.215621948,-4.336151123,,
2236,9.21484375,-1.482040405,-4.382263184,,
2255,9.318191528,-1.850585938,-4.511749268,,
2275,9.237472534,-1.86390686,-4.495025635,,
2294,9.048660278,-1.875015259,-4.569229126,,
2318,9.127456665,-1.831192017,-4.524734497,,
2335,9.186584473,-1.799957275,-4.07333374,,
2354,9.066604614,-1.696411133,-4.109268188,,
2373,9.055343628,-1.558273315,-4.461166382,,
2393,9.199111938,-1.592575073,-4.503890991,,
2413,9.334182739,-1.597854614,-4.385543823,,
2433,9.262069702,-1.452209473,-4.337020874,,
2452,9.179016113,-1.210571289,-4.348205566,,
2473,9.133758545,-1.102050781,-4.38772583,,
2492,9.201522827,-0.910171509,-4.421722412,,
2511,9.161590576,-0.695648193,-4.363677979,,
2531,9.109542847,-0.474472046,-4.364349365,,
2554,9.057662964,-0.342315674,-4.231201172,,
2571,8.999206543,-0.450698853,-4.268951416,,
2590,9.002975464,-0.345108032,-4.331939697,,
2611,8.932983398,-0.259246826,-4.174728394,,
2629,8.904129028,-0.05178833,-4.217697144,,
2649,9.063827515,-0.009628296,-4.259353638,,
2669,8.977157593,-0.14642334,-4.323669434,,
2688,9.021438599,-0.19380188,-4.385223389,,
2708,8.987365723,-0.135574341,-4.353408813,,
2728,9.061599731,-0.196914673,-4.314224243,,
2747,9.023345947,-0.231903076,-4.327453613,,
2788,9.049804688,-0.272460938,-4.334503174,,
2807,9.077880859,-0.279434204,-4.330673218,,
2827,9.235321045,-0.437744141,-4.405914307,,
2847,9.165756226,-0.411193848,-4.429077148,,
2866,9.135559082,-0.319396973,-4.289031982,,
2886,9.141693115,-0.155700684,-4.098922729,,
2906,9.1665802,-0.120010376,-4.162536621,,
2926,9.235366821,-0.09375,-4.157653809,,
2945,9.251754761,-0.019500732,-4.120498657,,
2965,9.346252441,0.061843872,-3.973632813,,
2985,9.333374023,0.111846924,-3.921188354,,
3004,9.40763855,0.145858765,-3.897247314,,
3031,9.306808472,0.158294678,-3.937759399,,
3045,9.287185669,0.200698853,-3.948455811,,
3064,9.22479248,0.217849731,-3.945785522,,
3083,9.220901489,0.239242554,-3.955429077,,
3102,9.23538208,0.295288086,-3.954956055,,
3122,9.273468018,0.343521118,-3.949020386,,
3142,9.299484253,0.332595825,-3.933029175,,
3162,9.31401062,0.317260742,-3.943527222,,
3181,9.333511353,0.368789673,-3.965927124,,
3201,9.301055908,0.378189087,-3.932662964,,
3220,9.297271729,0.279754639,-3.965301514,,
3240,9.298461914,0.212982178,-3.963027954,,
3260,9.329849243,0.230514526,-3.929412842,,
3281,9.279495239,0.234100342,-3.919631958,,
3300,9.237380981,0.200820923,-3.907119751,,
3319,9.228118896,0.206710815,-3.900268555,,
3339,9.251937866,0.197296143,-3.915023804,,
3358,9.266815186,0.160766602,-3.972808838,,
3378,9.268554688,0.122619629,-4.031051636,,
3399,9.294494629,0.076889038,-4.02796936,,
3418,9.342468262,0.13117981,-3.992523193,,
3437,9.317169189,0.075622559,-3.898391724,,
3457,9.350265503,0.047027588,-3.466094971,,
3476,9.476135254,0.092269897,-4.022415161,,
3496,9.547180176,0.266326904,-3.916946411,,
3520,9.387420654,0.359542847,-3.798202515,,
3537,9.317504883,0.394836426,-3.58001709,,
3556,9.304946899,0.300079346,-3.475326538,,
3576,9.438552856,0.24571228,-3.641464233,,
3595,9.41835022,0.090606689,-3.829696655,,
3614,9.361328125,0.111709595,-3.70300293,,
3639,9.319320679,0.136398315,-3.643218994,,
3656,9.349136353,0.222122192,-3.746032715,,
3694,9.363418579,0.209976196,-3.842926025,,
3713,9.350997925,0.160217285,-3.912033081,,
3732,9.333145142,0.150543213,-3.997161865,,
3760,9.337844849,0.2081604,-3.928833008,,
,,,,,
Gyroscope,,,,,
time,x,y,z,,
0,-0.002197266,-0.002487183,-0.010345459,,
0,-0.004165649,-0.001052856,-0.002044678,,
1,-0.008361816,-0.001968384,-3.51E-04,,
9,-0.017868042,0.008239746,-0.00541687,,
29,-0.023498535,0.012863159,-0.016159058,,
68,-0.02243042,0.00642395,-0.021575928,,
88,-0.01272583,-0.005340576,-0.0128479,,
108,-0.007659912,-0.008666992,-0.004440308,,
127,-0.009368896,-0.013122559,-0.002426147,,
147,-0.005096436,-0.018157959,-0.0025177,,
170,-0.002075195,-0.017593384,-0.003997803,,
189,-3.81E-04,-0.005554199,-0.006698608,,
207,0.006088257,-0.001144409,-1.07E-04,,
226,0.017120361,-4.73E-04,-3.81E-04,,
246,0.023468018,0.006729126,-0.007843018,,
266,0.029663086,0.008560181,-0.016799927,,
286,0.04083252,0.011856079,-0.017089844,,
305,0.059997559,0.01361084,-0.01133728,,
325,0.08416748,0.020782471,-0.006698608,,
344,0.124252319,0.031173706,-0.00567627,,
364,0.19078064,0.043609619,-0.001296997,,
383,0.282562256,0.056243896,0.002532959,,
404,0.404525757,0.092025757,-0.005172729,,
423,0.57510376,0.158187866,-0.021987915,,
443,0.798873901,0.211273193,-0.040252686,,
462,1.037384033,0.208282471,-0.043121338,,
482,1.232971191,0.163146973,-0.021072388,,
502,1.387451172,0.128341675,0.006530762,,
525,1.523788452,0.16317749,0.04208374,,
541,1.649642944,0.250534058,0.067169189,,
561,1.787338257,0.243972778,0.062484741,,
581,1.972091675,0.11277771,0.058120728,,
601,2.169631958,0.02671814,0.04864502,,
620,2.376068115,0.019104004,0.042327881,,
641,2.581375122,0.00328064,0.056106567,,
659,2.703857422,-0.028015137,0.07649231,,
681,2.712097168,-0.080200195,0.062850952,,
700,2.72277832,-0.207672119,0.02355957,,
719,2.719009399,-0.268218994,0.007537842,,
738,2.715087891,-0.297271729,0.023269653,,
758,2.654388428,-0.283248901,0.035293579,,
779,2.531616211,-0.307937622,0.077819824,,
798,2.377731323,-0.278747559,0.110290527,,
817,2.158477783,-0.311325073,0.107772827,,
837,1.909576416,-0.343551636,0.079299927,,
856,1.665222168,-0.329711914,0.02935791,,
877,1.443237305,-0.268600464,-0.017166138,,
897,1.238021851,-0.210189819,-0.079177856,,
916,1.063644409,-0.199920654,-0.137039185,,
936,0.883834839,-0.120285034,-0.161361694,,
974,0.703063965,-0.083877563,-0.151031494,,
994,0.462478638,-0.051361084,-0.162643433,,
1016,0.187149048,-0.025924683,-0.161239624,,
1035,-0.109268188,0.007125854,-0.134902954,,
1054,-0.402084351,0.039321899,-0.10899353,,
1074,-0.691131592,0.0337677,-0.094955444,,
1093,-1.000305176,0.012741089,-0.085739136,,
1113,-1.309616089,-0.004211426,-0.090881348,,
1133,-1.58366394,-0.01449585,-0.074905396,,
1152,-1.800735474,0.018508911,-0.020996094,,
1172,-1.974807739,0.059707642,0.033935547,,
1191,-2.133666992,0.086334229,0.07383728,,
1211,-2.313278198,0.080551147,0.123519897,,
1231,-2.526763916,0.080444336,0.177734375,,
1252,-2.726364136,0.08190918,0.214035034,,
1271,-2.888458252,0.059463501,0.248092651,,
1290,-3.034713745,0.04586792,0.269348145,,
1310,-3.197174072,0.019332886,0.289932251,,
1329,-3.380340576,-0.021255493,0.30670166,,
1351,-3.59147644,-0.08694458,0.303634644,,
1370,-3.813552856,-0.160827637,0.283233643,,
1389,-4.012069702,-0.193313599,0.258010864,,
1409,-4.172058105,-0.221252441,0.272277832,,
1428,-4.295913696,-0.285385132,0.31048584,,
1448,-4.388320923,-0.348678589,0.339981079,,
1467,-4.438293457,-0.35357666,0.357025146,,
1490,-4.415847778,-0.362060547,0.328704834,,
1508,-4.287475586,-0.400054932,0.277130127,,
1528,-4.005981445,-0.381011963,0.19732666,,
1546,-3.629211426,-0.373794556,0.098266602,,
1567,-3.224151611,-0.250320435,0.084289551,,
1586,-2.804107666,-0.095001221,0.112380981,,
1607,-2.360580444,-0.129684448,0.070144653,,
1625,-1.912094116,-0.117340088,0.052581787,,
1645,-1.507492065,-0.039932251,0.073501587,,
1665,-1.166809082,-0.018508911,0.111862183,,
1684,-0.917068481,-0.008514404,0.14906311,,
1704,-0.754364014,0.009750366,0.163696289,,
1729,-0.627151489,0.028488159,0.176269531,,
1745,-0.487686157,0.046005249,0.174362183,,
1763,-0.2865448,0.044342041,0.148971558,,
1782,-0.078521729,0.03994751,0.110534668,,
1802,0.152099609,0.041641235,0.024765015,,
1822,0.36416626,0.060379028,-0.079345703,,
1843,0.552581787,0.076858521,-0.147079468,,
1882,0.738357544,0.097000122,-0.161331177,,
1902,0.944717407,0.159103394,-0.141418457,,
1921,1.175613403,0.188705444,-0.110839844,,
1940,1.416549683,0.200378418,-0.081954956,,
1961,1.643737793,0.221572876,-0.044586182,,
1980,1.887207031,0.240310669,0.009048462,,
2000,2.114746094,0.21206665,0.017593384,,
2021,2.333175659,0.188262939,-0.008468628,,
2039,2.528045654,0.218444824,0.00440979,,
2059,2.702758789,0.263961792,0.066818237,,
2082,2.862350464,0.300674438,0.115203857,,
2100,2.982177734,0.272598267,0.099121094,,
2120,3.015319824,0.196685791,0.059844971,,
2137,2.94569397,0.13420105,0.004806519,,
2157,2.82182312,0.102935791,-0.086532593,,
2177,2.659454346,0.069778442,-0.176208496,,
2199,2.466125488,0.061203003,-0.210189819,,
2216,2.268264771,0.105163574,-0.19871521,,
2236,2.075042725,0.159164429,-0.19078064,,
2256,1.861068726,0.161300659,-0.206344604,,
2275,1.625946045,0.089004517,-0.212127686,,
2295,1.403457642,0.049057007,-0.202377319,,
2318,1.18397522,0.052963257,-0.198425293,,
2336,0.965438843,0.03616333,-0.201141357,,
2355,0.76171875,-0.004089355,-0.188796997,,
2374,0.584243774,-0.018875122,-0.155212402,,
2393,0.422409058,0.007720947,-0.134902954,,
2413,0.260513306,0.023834229,-0.151733398,,
2433,0.113601685,0.007659912,-0.180023193,,
2454,0.006622314,-0.013305664,-0.185821533,,
2473,-0.06628418,-0.02130127,-0.165893555,,
2492,-0.134307861,-0.029785156,-0.142379761,,
2512,-0.192077637,-0.039978027,-0.105758667,,
2531,-0.236602783,-0.050628662,-0.052688599,,
2554,-0.269073486,-0.063201904,-0.008224487,,
2571,-0.290939331,-0.069519043,0.018630981,,
2590,-0.307876587,-0.0521698,0.027557373,,
2611,-0.314453125,-0.015838623,0.024993896,,
2630,-0.289398193,0.00428772,0.02520752,,
2649,-0.250320435,0.017837524,0.027236938,,
2670,-0.225387573,0.027069092,0.027481079,,
2689,-0.20741272,0.044754028,0.025497437,,
2709,-0.198135376,0.059143066,0.024337769,,
2728,-0.179992676,0.066146851,0.024276733,,
2748,-0.167800903,0.056732178,0.023223877,,
2789,-0.153793335,0.053405762,0.027648926,,
2807,-0.149871826,0.047576904,0.036529541,,
2827,-0.157501221,0.034347534,0.047988892,,
2847,-0.181228638,0.036972046,0.050048828,,
2867,-0.202346802,0.057632446,0.037445068,,
2887,-0.215560913,0.077026367,0.017791748,,
2906,-0.213531494,0.085281372,-0.007110596,,
2926,-0.21206665,0.093002319,-0.023330688,,
2945,-0.207946777,0.108825684,-0.031463623,,
2965,-0.198776245,0.107955933,-0.032775879,,
2986,-0.184234619,0.08795166,-0.034210205,,
3004,-0.172714233,0.071212769,-0.035079956,,
3033,-0.160766602,0.056427002,-0.03616333,,
3046,-0.144577026,0.04397583,-0.023696899,,
3064,-0.131500244,0.040344238,-0.014892578,,
3083,-0.118804932,0.037109375,-0.013153076,,
3103,-0.103927612,0.040023804,-0.016433716,,
3122,-0.083450317,0.050262451,-0.020141602,,
3142,-0.062057495,0.056259155,-0.023162842,,
3163,-0.045074463,0.056106567,-0.02331543,,
3181,-0.03553772,0.056213379,-0.021713257,,
3201,-0.026916504,0.051483154,-0.015899658,,
3221,-0.018707275,0.046554565,-0.011505127,,
3240,-0.016662598,0.043762207,-0.014862061,,
3260,-0.018341064,0.034072876,-0.019729614,,
3281,-0.016830444,0.01739502,-0.021652222,,
3300,-0.0131073,0.010345459,-0.013336182,,
3320,-0.010498047,0.014099121,8.54E-04,,
3339,-0.009674072,0.018188477,0.013000488,,
3359,-0.012527466,0.027862549,0.01751709,,
3379,-0.016891479,0.042449951,0.01713562,,
3400,-0.023544312,0.061538696,0.010726929,,
3418,-0.032745361,0.073654175,-0.002685547,,
3438,-0.032913208,0.095169067,-0.006698608,,
3457,-0.029632568,0.068435669,-0.004211426,,
3477,-0.037460327,0.00920105,-0.011184692,,
3497,-0.055419922,0.026794434,-0.025421143,,
3521,-0.057006836,0.012451172,-0.030761719,,
3537,-0.052078247,-0.006072998,-0.035858154,,
3557,-0.029663086,-0.015045166,-0.034713745,,
3576,-0.002441406,0.002563477,-0.035430908,,
3595,0.009902954,0.020324707,-0.03553772,,
3616,0.009597778,0.014312744,-0.030426025,,
3639,0.001190186,0.008773804,-0.021835327,,
3657,0.002059937,0.007583618,-0.019515991,,
3694,8.39E-04,-0.015197754,-0.021697998,,
3713,-0.01020813,-0.037277222,-0.024887085,,
3733,-0.024581909,-0.036849976,-0.025924683,,
3760,-0.038421631,-0.030487061,-0.02532959,,
,,,,,
Geomagnetic Rotation,,,,,
time,x,y,z,,
0,-0.16078113,-0.827285469,-0.125939921,,
0,-0.160523802,-0.82747823,-0.12566945,,
1,-0.160549819,-0.82768476,-0.12559171,,
10,-0.160661757,-0.827852726,-0.125624895,,
30,-0.16057232,-0.827837229,-0.125962585,,
49,-0.160127595,-0.827741504,-0.126271769,,
69,-0.159730107,-0.827655971,-0.126536041,,
88,-0.159458295,-0.827614665,-0.126632184,,
108,-0.159361526,-0.82757324,-0.126813382,,
128,-0.158993751,-0.827639401,-0.126838833,,
147,-0.158645049,-0.827659667,-0.126883388,,
169,-0.15852733,-0.827756703,-0.127103135,,
189,-0.158137619,-0.827731609,-0.127332866,,
207,-0.157754704,-0.827826977,-0.127582401,,
226,-0.157834098,-0.827910542,-0.127878338,,
246,-0.157445043,-0.828151405,-0.12805298,,
266,-0.156988457,-0.828389645,-0.128372863,,
287,-0.156829998,-0.828406334,-0.129089072,,
305,-0.156704605,-0.828209639,-0.129880443,,
325,-0.156372726,-0.828214347,-0.130945295,,
345,-0.155378073,-0.828190267,-0.132350981,,
364,-0.154622331,-0.828084648,-0.134143025,,
384,-0.153557807,-0.827630103,-0.136370346,,
404,-0.151608557,-0.826776445,-0.139517486,,
423,-0.149332568,-0.825751781,-0.143238112,,
443,-0.14766261,-0.824862361,-0.145973936,,
463,-0.14639686,-0.823985934,-0.147629872,,
483,-0.147599593,-0.823523462,-0.146262571,,
503,-0.146446124,-0.820589006,-0.148380026,,
523,-0.147814959,-0.820178211,-0.14692077,,
542,-0.148536831,-0.818602264,-0.145978138,,
562,-0.148396298,-0.815885961,-0.146234393,,
581,-0.149664819,-0.814536333,-0.144201279,,
601,-0.151402384,-0.812815368,-0.142921463,,
621,-0.152965873,-0.811105013,-0.141780838,,
641,-0.155692011,-0.80934459,-0.13899307,,
660,-0.159662023,-0.806785464,-0.134467006,,
681,-0.163150504,-0.802849889,-0.130419523,,
700,-0.167993709,-0.798884273,-0.125458896,,
719,-0.172610998,-0.7961483,-0.121206962,,
739,-0.178755969,-0.795213819,-0.114801683,,
758,-0.185944155,-0.793386161,-0.108433597,,
779,-0.193441957,-0.789368629,-0.10209509,,
798,-0.202449143,-0.786410511,-0.093566597,,
818,-0.211843222,-0.78323096,-0.085271977,,
837,-0.221472248,-0.779752612,-0.077741899,,
857,-0.230830505,-0.77713263,-0.07034754,,
878,-0.239082083,-0.773256779,-0.064123295,,
897,-0.247556284,-0.770157337,-0.059174474,,
916,-0.255888104,-0.767250657,-0.054060083,,
936,-0.263544142,-0.764303267,-0.049128104,,
955,-0.27144599,-0.76092881,-0.044952355,,
975,-0.279530227,-0.758031249,-0.040127404,,
995,-0.28725642,-0.754964054,-0.036216341,,
1016,-0.294542432,-0.751962245,-0.032085471,,
1035,-0.301317781,-0.748599648,-0.028356172,,
1054,-0.308018237,-0.745539188,-0.025352806,,
1074,-0.313903004,-0.742598951,-0.022758773,,
1093,-0.319408268,-0.739836454,-0.02031628,,
1113,-0.323514998,-0.737453103,-0.01832032,,
1133,-0.326448977,-0.736266613,-0.016709574,,
1153,-0.328732967,-0.735326469,-0.015719168,,
1173,-0.329625309,-0.73469013,-0.014446367,,
1192,-0.331087142,-0.734278917,-0.012959084,,
1211,-0.332282662,-0.733784318,-0.011794628,,
1233,-0.331638306,-0.733769119,-0.010312361,,
1252,-0.329605341,-0.733871877,-0.009758924,,
1271,-0.327160954,-0.734772205,-0.009846087,,
1291,-0.323865235,-0.735828102,-0.009917279,,
1310,-0.319871932,-0.737113714,-0.010044802,,
1330,-0.315755635,-0.737768948,-0.010869239,,
1352,-0.310866147,-0.738977611,-0.01209553,,
1369,-0.305882394,-0.740601599,-0.01359712,,
1389,-0.301004738,-0.74174881,-0.015490963,,
1409,-0.293208927,-0.74372673,-0.019654308,,
1428,-0.28540045,-0.745561421,-0.022708591,,
1448,-0.277199239,-0.748210371,-0.026809741,,
1468,-0.267849296,-0.750534356,-0.032604266,,
1490,-0.256908953,-0.75189954,-0.041110463,,
1508,-0.243853137,-0.754708946,-0.052623138,,
1528,-0.229036376,-0.758444428,-0.066131026,,
1547,-0.215203255,-0.762616634,-0.080151603,,
1567,-0.200647816,-0.76681453,-0.095710799,,
1586,-0.184448957,-0.772315323,-0.113741279,,
1607,-0.169662699,-0.776073396,-0.130492181,,
1625,-0.156600937,-0.779429972,-0.145659894,,
1645,-0.144798175,-0.783002913,-0.159441605,,
1665,-0.134740248,-0.785680473,-0.171081766,,
1684,-0.126957133,-0.787742376,-0.179964662,,
1705,-0.120827146,-0.789620578,-0.187952787,,
1729,-0.115251519,-0.79109019,-0.195447803,,
1745,-0.109556094,-0.792024434,-0.20320873,,
1764,-0.104923956,-0.794056952,-0.210850641,,
1783,-0.100441888,-0.79459995,-0.219189703,,
1802,-0.096400008,-0.795199156,-0.226822942,,
1823,-0.092482314,-0.795731843,-0.233368546,,
1843,-0.088641763,-0.796391249,-0.239266992,,
1861,-0.08502239,-0.796914995,-0.244889513,,
1882,-0.081812099,-0.797219753,-0.250186801,,
1902,-0.07889057,-0.797479033,-0.254825413,,
1922,-0.076481022,-0.797888875,-0.258750856,,
1941,-0.074601471,-0.798428535,-0.261668056,,
1962,-0.072589897,-0.798162341,-0.264374346,,
1980,-0.071713485,-0.798115253,-0.265307248,,
2000,-0.071273774,-0.798228264,-0.265619665,,
2021,-0.072007649,-0.798780203,-0.264408946,,
2039,-0.073294461,-0.799601495,-0.262387156,,
2059,-0.074208774,-0.799864948,-0.259087533,,
2083,-0.076295748,-0.799991608,-0.254009664,,
2100,-0.08015576,-0.800964296,-0.246487245,,
2120,-0.085019156,-0.802039325,-0.237531513,,
2138,-0.090389825,-0.8031407,-0.228380799,,
2157,-0.096186101,-0.80410856,-0.21864903,,
2177,-0.101956397,-0.805684149,-0.208457738,,
2199,-0.108379193,-0.807785213,-0.198178813,,
2216,-0.114444405,-0.809268832,-0.188399419,,
2236,-0.121369958,-0.810889423,-0.177476868,,
2256,-0.127805099,-0.812072873,-0.167086437,,
2275,-0.133733019,-0.813394666,-0.157546863,,
2295,-0.140154645,-0.814581871,-0.148845568,,
2318,-0.145551145,-0.815215111,-0.141187415,,
2336,-0.150501505,-0.81457895,-0.134169981,,
2355,-0.155281663,-0.815189481,-0.128288224,,
2374,-0.159837961,-0.81576699,-0.122886591,,
2393,-0.164183736,-0.816129148,-0.1177001,,
2413,-0.168285236,-0.815982103,-0.113260835,,
2434,-0.171671018,-0.816111565,-0.109588094,,
2454,-0.17435123,-0.816319287,-0.106854327,,
2473,-0.176753715,-0.816665471,-0.104316048,,
2493,-0.178414002,-0.817050457,-0.102628998,,
2512,-0.179602563,-0.817412019,-0.101581149,,
2532,-0.180179462,-0.817948401,-0.101103954,,
2553,-0.180291504,-0.818272948,-0.100866385,,
2571,-0.180729538,-0.818711877,-0.100125536,,
2591,-0.181090489,-0.819209993,-0.100043602,,
2611,-0.181847736,-0.819309652,-0.100593716,,
2630,-0.182145461,-0.81966126,-0.101662166,,
2649,-0.181881845,-0.82002598,-0.102409378,,
2672,-0.181901485,-0.820507228,-0.102585062,,
2689,-0.18198669,-0.820994973,-0.102636136,,
2709,-0.182105601,-0.821408689,-0.102968954,,
2729,-0.18223761,-0.821663678,-0.103094578,,
2748,-0.182426885,-0.821941018,-0.103097014,,
2768,-0.182582781,-0.822194993,-0.102934882,,
2789,-0.182643697,-0.822421849,-0.102743722,,
2807,-0.182994574,-0.822560906,-0.102128491,,
2827,-0.183428228,-0.822780967,-0.101651087,,
2847,-0.183842734,-0.82279706,-0.101601832,,
2867,-0.183858022,-0.822527289,-0.102156676,,
2887,-0.183814913,-0.822400689,-0.102738768,,
2907,-0.183378756,-0.822299182,-0.103131257,,
2926,-0.182850704,-0.822233796,-0.103683516,,
2946,-0.182371557,-0.821787179,-0.104724094,,
2966,-0.181667998,-0.821385324,-0.105734304,,
2986,-0.180897504,-0.820844591,-0.106870219,,
3005,-0.180260912,-0.820506752,-0.107881777,,
3033,-0.179535791,-0.820244312,-0.108922891,,
3046,-0.178829923,-0.82005316,-0.10993237,,
3064,-0.178417057,-0.819847047,-0.111050144,,
3084,-0.17765592,-0.81973809,-0.112032786,,
3104,-0.176820949,-0.819626272,-0.113143124,,
3122,-0.176262185,-0.819431901,-0.114405833,,
3143,-0.175663412,-0.819214046,-0.115363672,,
3163,-0.17506291,-0.819102705,-0.116310939,,
3181,-0.174484119,-0.818950772,-0.117490105,,
3201,-0.173772871,-0.818834424,-0.118245363,,
3221,-0.173369393,-0.818795264,-0.118556343,,
3241,-0.173365384,-0.818555653,-0.119128853,,
3261,-0.172611445,-0.818450391,-0.119325534,,
3281,-0.171964407,-0.818406105,-0.119439371,,
3301,-0.171912551,-0.818218231,-0.119762719,,
3320,-0.17165117,-0.818098903,-0.1200599,,
3339,-0.171474308,-0.817978323,-0.120238021,,
3359,-0.171622843,-0.817929029,-0.120413221,,
3379,-0.171955884,-0.817922413,-0.120519824,,
3399,-0.172334224,-0.817833245,-0.12050958,,
3419,-0.172311068,-0.817724943,-0.1206569,,
3438,-0.172369525,-0.817456067,-0.120505765,,
3457,-0.172253951,-0.816305697,-0.120668404,,
3478,-0.172177985,-0.816559196,-0.120444477,,
3497,-0.171919912,-0.816229463,-0.121148057,,
3521,-0.171551585,-0.815971017,-0.12198621,,
3537,-0.170945406,-0.815403938,-0.122883715,,
3557,-0.170499757,-0.814713717,-0.12343242,,
3576,-0.170214295,-0.814267099,-0.123741835,,
3595,-0.170275375,-0.814126313,-0.123465925,,
3615,-0.170439526,-0.81376183,-0.123509377,,
3639,-0.170532241,-0.813367546,-0.123635158,,
3657,-0.169830799,-0.813322484,-0.123484284,,
3674,-0.169528767,-0.813361645,-0.123460278,,
3694,-0.169365644,-0.813498199,-0.123267181,,
3713,-0.169156283,-0.813812077,-0.122915335,,
3733,-0.169068292,-0.813969314,-0.122940227,,
3761,-0.168906182,-0.81394577,-0.12308915,,
,,,,,
Rotation Vector,,,,,
time,x*sin(theta/2),y*sin(theta/2),z*sin(theta/2),cos(theta/2),akurasi (dalam radians) (-1 jika tidak ada)
0,-0.036870189,-0.842042863,-0.049171921,0.535897851,0.17453292
0,-0.036904126,-0.842115521,-0.049171068,0.535781384,0.17453292
1,-0.036957074,-0.842222571,-0.049164936,0.53561002,0.17453292
11,-0.036962751,-0.842297971,-0.049212508,0.535486758,0.17453292
31,-0.036788192,-0.842235386,-0.049451925,0.535575092,0.17453292
50,-0.036518142,-0.842109561,-0.049800184,0.535759151,0.17453292
70,-0.036301978,-0.842037439,-0.050100472,0.535859227,0.17453292
90,-0.036214206,-0.842031062,-0.050239813,0.535862088,0.17453292
109,-0.036167808,-0.842056394,-0.050335266,0.535816491,0.17453292
129,-0.036137111,-0.842130244,-0.050441924,0.535692394,0.17453292
153,-0.03611014,-0.842198312,-0.050538093,0.535578132,0.17453292
170,-0.036065791,-0.842293203,-0.050683372,0.535418153,0.17453292
189,-0.035958815,-0.842259049,-0.050833337,0.535464823,0.17453292
208,-0.035811644,-0.842275798,-0.050909903,0.535441101,0.17453292
227,-0.035649609,-0.842314303,-0.050861154,0.53539598,0.17453292
247,-0.035349127,-0.842371285,-0.050894488,0.535323143,0.17453292
267,-0.03491322,-0.842418671,-0.050977975,0.535269201,0.17453292
287,-0.034353487,-0.842386723,-0.050994355,0.535354078,0.17453292
306,-0.0336992,-0.84224689,-0.050810065,0.535633147,0.17453292
326,-0.032840412,-0.842161417,-0.050593868,0.535841346,0.17453292
346,-0.031568933,-0.841974556,-0.050297618,0.536239088,0.17453292
366,-0.029875871,-0.841746449,-0.049518906,0.536766469,0.17453292
386,-0.027498212,-0.841296554,-0.048163459,0.537721395,0.17453292
405,-0.023927735,-0.840428114,-0.046311095,0.539410114,0.17453292
424,-0.019027196,-0.839172959,-0.043459695,0.541791439,0.17453292
445,-0.012958068,-0.837829232,-0.038460407,0.544421732,0.17453292
464,-0.005958984,-0.836594701,-0.031334836,0.546893001,0.17453292
484,9.55E-04,-0.835941911,-0.021123171,0.548410475,0.17453292
504,0.008595609,-0.835235775,-0.009834395,0.549736857,0.17453292
524,0.016496267,-0.834397197,0.002907717,0.550909042,0.17453292
543,0.024920553,-0.832795024,0.01682578,0.552764237,0.17453292
564,0.03423566,-0.830806971,0.031855445,0.55459255,0.17453292
582,0.044368587,-0.829279482,0.048095278,0.554989934,0.17453292
602,0.055768587,-0.827810407,0.065918393,0.554323494,0.17453292
622,0.068329558,-0.825861454,0.08520928,0.553193688,0.17453292
643,0.081831373,-0.823334932,0.106266297,0.551480412,0.17453292
661,0.09580671,-0.820257843,0.128555998,0.549064219,0.17453292
681,0.110046163,-0.816686034,0.150965899,0.546006501,0.17453292
701,0.124691807,-0.813056052,0.173155874,0.54167223,0.17453292
720,0.139605626,-0.809356987,0.194745511,0.536214292,0.17453292
741,0.154158235,-0.805432916,0.215945065,0.529981852,0.17453292
760,0.168309316,-0.80100137,0.236983284,0.523361981,0.17453292
780,0.181568056,-0.796200156,0.257368952,0.516584516,0.17453292
799,0.193635091,-0.791416943,0.276792645,0.509460926,0.17453292
818,0.204405248,-0.786818147,0.294400722,0.502457917,0.17453292
838,0.214220718,-0.78268069,0.309928238,0.495444179,0.17453292
859,0.223135754,-0.779002666,0.323251963,0.488746822,0.17453292
878,0.23114112,-0.775428474,0.334649295,0.483005464,0.17453292
898,0.238365903,-0.772028565,0.344202161,0.478203356,0.17453292
918,0.245026246,-0.76886636,0.352127075,0.474144727,0.17453292
937,0.250917763,-0.76594609,0.35856235,0.470956385,0.17453292
956,0.255837917,-0.763274491,0.363816053,0.468611658,0.17453292
976,0.259621739,-0.761212945,0.367582977,0.466941327,0.17453292
996,0.262205899,-0.75987488,0.369512081,0.466153502,0.17453292
1016,0.263258755,-0.759466052,0.369499356,0.466236442,0.17453292
1036,0.26264897,-0.759988964,0.367550194,0.467267692,0.17453292
1055,0.260540456,-0.761506617,0.363646775,0.469028056,0.17453292
1075,0.257008642,-0.764114678,0.357546955,0.471418619,0.17453292
1095,0.252092093,-0.767799973,0.349144936,0.474373966,0.17453292
1115,0.245846897,-0.772428036,0.338407755,0.477906317,0.17453292
1134,0.238174334,-0.777783692,0.32577917,0.481864601,0.17453292
1155,0.228936702,-0.783511758,0.311804503,0.486287206,0.17453292
1174,0.218408048,-0.78931284,0.296882451,0.491064161,0.17453292
1193,0.20666635,-0.795269728,0.280915588,0.495904773,0.17453292
1213,0.193486556,-0.801479638,0.263582706,0.500716925,0.17453292
1234,0.178789243,-0.807800829,0.244681388,0.505591929,0.17453292
1252,0.162817746,-0.814059198,0.2242755,0.51039052,0.17453292
1272,0.145628974,-0.82023716,0.20238775,0.514822662,0.17453292
1292,0.127719358,-0.825978577,0.179605708,0.518834233,0.17453292
1311,0.108610176,-0.831419468,0.155273393,0.522336781,0.17453292
1331,0.088394821,-0.836424589,0.129364699,0.525209546,0.17453292
1351,0.067160107,-0.841047227,0.101536758,0.527085721,0.17453292
1370,0.044897951,-0.845132828,0.071578056,0.527836382,0.17453292
1390,0.021707484,-0.848226786,0.039697126,0.527697086,0.17453292
1410,-0.002421504,-0.850102723,0.006266144,0.526574016,0.17453292
1429,-0.027157903,-0.850827754,-0.027433779,0.524024785,0.17453292
1449,-0.052777249,-0.850347519,-0.06199139,0.519885302,0.17453292
1471,-0.078663349,-0.848218679,-0.096873008,0.514735579,0.17453292
1490,-0.104082868,-0.844415426,-0.131734028,0.508699775,0.17453292
1509,-0.12840642,-0.839442492,-0.166144967,0.501242459,0.17453292
1529,-0.150409535,-0.833520949,-0.19836022,0.493227124,0.17453292
1547,-0.169510365,-0.827236831,-0.227790937,0.484826565,0.17453292
1568,-0.186194852,-0.820424497,-0.254465699,0.476951033,0.17453292
1587,-0.200370595,-0.813158095,-0.277518928,0.470753431,0.17453292
1608,-0.212299243,-0.806393147,-0.297241688,0.465087593,0.17453292
1627,-0.221968755,-0.800714314,-0.313393563,0.459750921,0.17453292
1646,-0.229695618,-0.795711994,-0.326267481,0.455666363,0.17453292
1666,-0.235872298,-0.791455925,-0.3360264,0.452822328,0.17453292
1685,-0.241217703,-0.787832379,-0.343384117,0.450800955,0.17453292
1710,-0.245870098,-0.78466934,-0.349144876,0.44937709,0.17453292
1729,-0.249954328,-0.781794488,-0.35385707,0.448447794,0.17453292
1745,-0.253412664,-0.779223084,-0.357655615,0.447968602,0.17453292
1765,-0.255963594,-0.777351618,-0.360144079,0.44777599,0.17453292
1784,-0.257301837,-0.776233137,-0.361300111,0.448017925,0.17453292
1803,-0.257230461,-0.776042104,-0.361084342,0.448563486,0.17453292
1824,-0.255444825,-0.776811481,-0.359644175,0.449408412,0.17453292
1844,-0.25208959,-0.778406858,-0.357115179,0.450557858,0.17453292
1863,-0.247544259,-0.780637741,-0.353406072,0.452140123,0.17453292
1882,-0.24199149,-0.78330189,-0.348277956,0.454511523,0.17453292
1902,-0.235546932,-0.786333382,-0.341515541,0.457782209,0.17453292
1922,-0.228169426,-0.789896548,-0.332783788,0.461797684,0.17453292
1942,-0.2199312,-0.793912649,-0.322086513,0.466468871,0.17453292
1962,-0.210824236,-0.798198581,-0.309368581,0.47193563,0.17453292
1981,-0.200910985,-0.802836239,-0.294496059,0.47787115,0.17453292
2001,-0.189870179,-0.807954609,-0.277665019,0.483798265,0.17453292
2021,-0.177651688,-0.81330204,-0.258952796,0.489819437,0.17453292
2040,-0.164775223,-0.818345726,-0.238736242,0.49614957,0.17453292
2060,-0.151255503,-0.822868586,-0.216601118,0.503083527,0.17453292
2083,-0.137108669,-0.826903343,-0.192871928,0.510129929,0.17453292
2100,-0.122235537,-0.830738544,-0.167914227,0.516465604,0.17453292
2120,-0.107263766,-0.834235907,-0.143123433,0.521594346,0.17453292
2139,-0.092052132,-0.837277353,-0.118935719,0.525687456,0.17453292
2158,-0.076738484,-0.839749873,-0.096147865,0.52885437,0.17453292
2179,-0.061627042,-0.841744542,-0.075033136,0.531072795,0.17453292
2199,-0.047276724,-0.84312582,-0.055541288,0.532746553,0.17453292
2217,-0.033984385,-0.843665719,-0.03758803,0.534471989,0.17453292
2237,-0.021711843,-0.84349227,-0.021026691,0.536290288,0.17453292
2257,-0.010529853,-0.842979431,-0.006465758,0.537803888,0.17453292
2276,-4.69E-04,-0.842598796,0.006176247,0.53850615,0.17453292
2299,0.008372587,-0.842242181,0.017071415,0.538763881,0.17453292
2318,0.016073529,-0.841724038,0.02614248,0.539035082,0.17453292
2337,0.022684403,-0.841164947,0.033461351,0.539265513,0.17453292
2356,0.028214471,-0.840898275,0.039113935,0.539040029,0.17453292
2375,0.032478414,-0.840765595,0.043393616,0.538679242,0.17453292
2395,0.035730775,-0.84054482,0.046527937,0.538556278,0.17453292
2415,0.038265157,-0.840245366,0.048300497,0.538693368,0.17453292
2435,0.040269446,-0.840079784,0.048654225,0.538773715,0.17453292
2454,0.041815888,-0.84007442,0.047979806,0.53872472,0.17453292
2474,0.042833462,-0.840172708,0.046748269,0.53859973,0.17453292
2494,0.043335151,-0.840338647,0.045058869,0.538444757,0.17453292
2513,0.043285843,-0.840586662,0.043021508,0.538228154,0.17453292
2532,0.042621311,-0.84092921,0.040805928,0.537918568,0.17453292
2554,0.041401029,-0.841341376,0.038542669,0.537536144,0.17453292
2572,0.03976959,-0.841829181,0.036274362,0.537053287,0.17453292
2592,0.037932787,-0.842279553,0.033885628,0.536635816,0.17453292
2611,0.036057848,-0.842540383,0.031446654,0.536504149,0.17453292
2631,0.034283288,-0.842655718,0.029071113,0.536573231,0.17453292
2651,0.032668199,-0.842673063,0.02698854,0.536755562,0.17453292
2672,0.031178996,-0.842637002,0.02520475,0.536987364,0.17453292
2690,0.029791618,-0.84252584,0.023591455,0.537313759,0.17453292
2710,0.028477287,-0.84231931,0.022055766,0.537773907,0.17453292
2729,0.02724741,-0.842049181,0.020671874,0.538315415,0.17453292
2749,0.026085982,-0.841785252,0.019407062,0.538832486,0.17453292
2769,0.024971746,-0.841551304,0.018263234,0.539290488,0.17453292
2789,0.023854438,-0.841337383,0.017230803,0.539708734,0.17453292
2809,0.02262353,-0.841176093,0.016274508,0.540042698,0.17453292
2829,0.021245139,-0.841059268,0.015220945,0.540311337,0.17453292
2849,0.019513652,-0.840978861,0.014291843,0.540527105,0.17453292
2868,0.018048225,-0.840611041,0.012964242,0.541183174,0.17453292
2888,0.016712481,-0.840226591,0.011395394,0.541858017,0.17453292
2908,0.015575966,-0.839779913,0.009742254,0.54261601,0.17453292
2927,0.014596574,-0.839280307,0.00795634,0.543444753,0.17453292
2947,0.013802344,-0.838539422,0.006121797,0.54463166,0.17453292
2967,0.013111471,-0.837841451,0.004342047,0.545738876,0.17453292
2987,0.012550328,-0.837171614,0.002673002,0.546789765,0.17453292
3013,0.01200016,-0.836687684,0.001062109,0.547547758,0.17453292
3033,0.011516157,-0.836309075,-4.64E-04,0.548137128,0.17453292
3046,0.011007632,-0.836015224,-0.00182344,0.548592806,0.17453292
3065,0.010486001,-0.835761607,-0.003042566,0.548983932,0.17453292
3084,0.010063243,-0.835533738,-0.004188536,0.549331009,0.17453292
3104,0.009796165,-0.83526963,-0.005304572,0.549727738,0.17453292
3124,0.009675347,-0.834941626,-0.006268791,0.550217807,0.17453292
3144,0.009636728,-0.834574103,-0.006986186,0.550767064,0.17453292
3164,0.009683063,-0.834261715,-0.007609648,0.551231086,0.17453292
3183,0.009829823,-0.833932698,-0.008235551,0.551717162,0.17453292
3202,0.009907893,-0.83363682,-0.008662197,0.55215621,0.17453292
3222,0.009841803,-0.833441675,-0.008826149,0.552449286,0.17453292
3243,0.009827781,-0.833204806,-0.008969082,0.55280441,0.17453292
3262,0.009875679,-0.833003819,-0.009190621,0.553102732,0.17453292
3281,0.009913041,-0.83292526,-0.00939456,0.553216934,0.17453292
3301,0.009877988,-0.832881272,-0.009468295,0.553282499,0.17453292
3321,0.009776541,-0.832828343,-0.009498518,0.553363442,0.17453292
3340,0.009547033,-0.832759738,-0.009406574,0.553472281,0.17453292
3360,0.009206411,-0.832716167,-0.009272545,0.553545892,0.17453292
3380,0.008797928,-0.832640707,-0.009137399,0.55366832,0.17453292
3400,0.008369412,-0.832441092,-0.009010032,0.553977072,0.17453292
3420,0.00809367,-0.832116663,-0.009138867,0.554466307,0.17453292
3440,0.007787548,-0.831635296,-0.009175177,0.555191755,0.17453292
3458,0.007644353,-0.830754817,-0.009075707,0.556511998,0.17453292
3480,0.007310546,-0.830843985,-0.009255244,0.556380451,0.17453292
3501,0.007279188,-0.830691576,-0.009825525,0.556598604,0.17453292
3521,0.007328116,-0.830519259,-0.010604495,0.556840718,0.17453292
3538,0.007510609,-0.830272913,-0.011363451,0.557190657,0.17453292
3558,0.007693046,-0.830036223,-0.011821398,0.557531118,0.17453292
3577,0.007915096,-0.829890013,-0.01201117,0.557741523,0.17453292
3597,0.008033812,-0.82982409,-0.011863155,0.557841063,0.17453292
3621,0.008226591,-0.829630554,-0.011690315,0.558129728,0.17453292
3640,0.008370209,-0.829443753,-0.011550375,0.558408082,0.17453292
3657,0.008499624,-0.829357326,-0.011548005,0.558534563,0.17453292
3675,0.0085874,-0.829413414,-0.011543576,0.558450043,0.17453292
3695,0.008595578,-0.829648256,-0.011544744,0.558100879,0.17453292
3715,0.008511242,-0.830017686,-0.011651332,0.55755043,0.17453292
3741,0.008429377,-0.830300629,-0.01194439,0.557124019,0.17453292
3761,0.00833755,-0.83045274,-0.012283961,0.556891203,0.17453292
,,,,,
Rotation Vector by Vector and Angle,,,,,
time,x,y,z,theta,
0,-0.043670424,-0.997346903,-0.058241053,2.01045098,
0,-0.043706794,-0.997345646,-0.058234944,2.010726865,
1,-0.043763867,-0.997344019,-0.058220186,2.011132741,
11,-0.043766539,-0.997340987,-0.058271126,2.011424658,
31,-0.043562737,-0.997333031,-0.058558497,2.011215463,
50,-0.043248937,-0.997321924,-0.058979042,2.010779526,
70,-0.042996165,-0.99731152,-0.05933914,2.010542474,
90,-0.042892301,-0.997306111,-0.059504304,2.010535696,
109,-0.042835878,-0.997301933,-0.059615316,2.010643707,
129,-0.042795531,-0.997296394,-0.059736068,2.010937645,
153,-0.04275992,-0.997291407,-0.059844819,2.011208264,
170,-0.042702274,-0.997283979,-0.060009643,2.01158712,
189,-0.042577106,-0.997278478,-0.060189312,2.011476601,
208,-0.042402092,-0.99728055,-0.060278897,2.011532779,
227,-0.042208808,-0.997292365,-0.060219137,2.011639626,
247,-0.041850753,-0.997305317,-0.06025531,2.011812097,
267,-0.041332998,-0.997321053,-0.060351711,2.011939822,
287,-0.040672933,-0.997346745,-0.060374948,2.011738847,
306,-0.039906647,-0.997390141,-0.060169362,2.011077969,
326,-0.038895754,-0.997444953,-0.059922715,2.010584831,
346,-0.037401019,-0.99752202,-0.059589665,2.00964253,
366,-0.035409243,-0.997648058,-0.058690405,2.008392659,
386,-0.032614725,-0.997834199,-0.057125096,2.006128264,
405,-0.02841628,-0.998081959,-0.05499848,2.002119831,
424,-0.0226376,-0.998405734,-0.051706157,1.996458628,
445,-0.015448126,-0.998828803,-0.045851065,1.990193511,
464,-0.007117733,-0.999273998,-0.037428024,1.98429555,
484,0.001142354,-0.999680267,-0.025260627,1.980668292,
504,0.010289979,-0.999877758,-0.011772954,1.97749427,
524,0.019766299,-0.999798583,0.00348411,1.974686479,
543,0.029904507,-0.999348809,0.020190831,1.970237314,
564,0.041142594,-0.998419609,0.038282179,1.965846185,
582,0.053336792,-0.996901414,0.057816758,1.964890923,
602,0.067005286,-0.994604239,0.079200156,1.966492788,
622,0.082023095,-0.991367639,0.102285586,1.96920646,
643,0.098097058,-0.98698985,0.127388931,1.973316905,
661,0.114631472,-0.981427745,0.153815565,1.979104302,
681,0.131354341,-0.974820501,0.180197343,1.986412586,
701,0.148338474,-0.967244738,0.205993311,1.996742273,
720,0.165393463,-0.958860745,0.230718741,2.009701282,
741,0.181788445,-0.949792904,0.254649501,2.024434326,
760,0.197520537,-0.940020581,0.278113338,2.040009319,
780,0.212053701,-0.929883777,0.300581721,2.055878299,
799,0.225027877,-0.919724176,0.32166722,2.072476246,
818,0.236415515,-0.910035427,0.340504458,2.088714121,
838,0.246616288,-0.901041731,0.356797197,2.10490044,
859,0.255764775,-0.892915805,0.370520922,2.120287165,
878,0.263975038,-0.885579169,0.382186693,2.133424913,
898,0.271410347,-0.879054167,0.391918586,2.144376934,
918,0.278297579,-0.873268272,0.399941288,2.153607915,
937,0.284436791,-0.868265544,0.406461157,2.160843435,
956,0.289604572,-0.864014938,0.411834154,2.166155574,
976,0.293594,-0.860819876,0.41568228,2.169935259,
996,0.296377027,-0.858903096,0.417667538,2.171716668,
1016,0.297581795,-0.858483399,0.417673788,2.171529166,
1036,0.297075274,-0.859603332,0.415726263,2.169197045,
1055,0.295001576,-0.862229444,0.411745545,2.165212744,
1075,0.291422898,-0.866432008,0.405423604,2.159795325,
1095,0.28636304,-0.872179415,0.396609841,2.153087144,
1115,0.279876903,-0.879347142,0.385249989,2.145053308,
1134,0.271812275,-0.887631976,0.371789755,2.136029826,
1155,0.262001551,-0.896672721,0.356837775,2.125921294,
1174,0.250719986,-0.906086134,0.340804125,2.114970795,
1193,0.237991531,-0.915811694,0.323495,2.103839783,
1213,0.223525967,-0.925911932,0.30450477,2.09273904,
1234,0.207226347,-0.936284599,0.283598886,2.081456844,
1252,0.189335567,-0.946643491,0.260802829,2.070314949,
1272,0.169869981,-0.956771632,0.236076671,2.059991095,
1292,0.149401231,-0.966198223,0.210095903,2.050619221,
1311,0.127366216,-0.974998435,0.182087768,2.042414692,
1331,0.103875009,-0.98290387,0.152019758,2.035669979,
1351,0.079029359,-0.98968608,0.119481419,2.031257488,
1370,0.052861787,-0.995039423,0.084274312,2.029490352,
1390,0.025555275,-0.998580417,0.046733695,2.029818343,
1410,-0.002848395,-0.999968752,0.007370813,2.032461543,
1429,-0.031886588,-0.99897234,-0.032210499,2.038453271,
1449,-0.061782979,-0.995447913,-0.072569389,2.048159303,
1471,-0.091751843,-0.989350537,-0.112991336,2.060194245,
1490,-0.120893891,-0.980801823,-0.15301115,2.074244887,
1509,-0.148394082,-0.970109577,-0.192006987,2.091524576,
1529,-0.172904283,-0.958179563,-0.228026313,2.110001393,
1547,-0.193812446,-0.945834754,-0.260448491,2.12926294,
1568,-0.211842672,-0.933435678,-0.289517638,2.147227693,
1587,-0.227109357,-0.921671226,-0.314552868,2.161303538,
1608,-0.239814431,-0.910906282,-0.3357659,2.174125546,
1627,-0.249951329,-0.901656661,-0.352901639,2.186163257,
1646,-0.258041288,-0.893907117,-0.366530636,2.19535132,
1666,-0.26454923,-0.887679719,-0.376879889,2.201736123,
1685,-0.270234239,-0.882602235,-0.384690446,2.206267774,
1710,-0.275225,-0.878352513,-0.390829951,2.209456782,
1729,-0.279650709,-0.874677325,-0.395897848,2.211536731,
1745,-0.283443728,-0.871566136,-0.400040153,2.212608833,
1765,-0.286266067,-0.869379067,-0.40278005,2.213039686,
1784,-0.28780175,-0.868245862,-0.404127718,2.212498495,
1803,-0.287809993,-0.868297914,-0.404010014,2.211277847,
1824,-0.285947915,-0.869571827,-0.402589882,2.209386657,
1844,-0.282375102,-0.871923017,-0.400018244,2.206812417,
1863,-0.2775325,-0.875206498,-0.396218725,2.203266119,
1882,-0.271674402,-0.879382464,-0.39099807,2.197945166,
1902,-0.264937996,-0.884450453,-0.384129152,2.190594515,
1922,-0.257241501,-0.890540756,-0.375185241,2.181550919,
1942,-0.248639737,-0.897545379,-0.364129809,2.171003666,
1962,-0.239129246,-0.905363766,-0.350904036,2.158622661,
1981,-0.228716003,-0.913944528,-0.335252756,2.145133376,
2001,-0.216949973,-0.923187262,-0.317266349,2.13161362,
2021,-0.203770151,-0.932874215,-0.297024199,2.11782739,
2040,-0.189781373,-0.94253719,-0.274966655,2.103275936,
2060,-0.175016071,-0.952132146,-0.25062676,2.087266652,
2083,-0.159410639,-0.961406683,-0.224244299,2.070920961,
2100,-0.142747173,-0.970139958,-0.196090939,2.056156041,
2120,-0.125720311,-0.977780301,-0.16775024,2.044155523,
2139,-0.108210339,-0.984247344,-0.139812889,2.034546576,
2158,-0.090417516,-0.989439636,-0.11328672,2.027092349,
2179,-0.072731189,-0.993412624,-0.088552833,2.021860336,
2199,-0.055864504,-0.99627896,-0.065630319,2.017907203,
2217,-0.040209348,-0.998201024,-0.044473077,2.013826862,
2237,-0.025723908,-0.999358632,-0.02491215,2.009521209,
2257,-0.012489893,-0.999892606,-0.007669301,2.005932573,
2276,-5.56E-04,-0.999972961,0.0073298,2.004266167,
2299,0.009938298,-0.999745232,0.020263846,2.003654372,
2318,0.01908328,-0.999336001,0.031037632,2.003010472,
2337,0.026936751,-0.998847153,0.039733913,2.002463265,
2356,0.033497728,-0.998359367,0.046438154,2.002998725,
2375,0.038549547,-0.997928408,0.051505107,2.003855298,
2395,0.042405909,-0.997573288,0.055220169,2.004147185,
2415,0.045418482,-0.997321625,0.057329838,2.003821764,
2435,0.047800369,-0.997185902,0.057753213,2.003631024,
2454,0.049634171,-0.997142449,0.056950551,2.003747338,
2474,0.050837178,-0.997164529,0.055483492,2.004044044,
2494,0.051426565,-0.997244248,0.05347213,2.004411882,
2513,0.051359617,-0.997374801,0.051045977,2.004925933,
2532,0.050559279,-0.997547327,0.048405792,2.00566051,
2554,0.049097521,-0.997747579,0.04570779,2.006567674,
2572,0.047145598,-0.997962015,0.043002116,2.007712706,
2592,0.04495397,-0.998181581,0.0401577,2.008702348,
2611,0.042727749,-0.998391631,0.037263587,2.009014408,
2631,0.040627049,-0.998580274,0.034450416,2.008850683,
2651,0.038718426,-0.998738077,0.03198688,2.008418515,
2672,0.03695988,-0.998869969,0.029877952,2.007869001,
2690,0.035323972,-0.998984339,0.027972429,2.007095082,
2710,0.033777316,-0.999086945,0.026160658,2.006003696,
2729,0.032331797,-0.999176187,0.024529261,2.004718852,
2749,0.03096579,-0.999254899,0.023037469,2.003491499,
2769,0.029653436,-0.999324914,0.021687216,2.002403952,
2789,0.028335673,-0.999388925,0.020467739,2.001410478,
2809,0.026880369,-0.999451631,0.019336717,2.000616971,
2829,0.025247793,-0.999517605,0.018088621,1.999978536,
2849,0.023193908,-0.999586677,0.016987272,1.999465653,
2868,0.021462865,-0.999650741,0.015417016,1.997905658,
2888,0.019884684,-0.999710341,0.013558358,1.996300201,
2908,0.018543239,-0.999760758,0.011598186,1.994495941,
2927,0.017388364,-0.999803884,0.009478096,1.992522069,
2947,0.016457314,-0.999837916,0.007299365,1.989692935,
2967,0.015646982,-0.999864139,0.005181717,1.987051409,
2987,0.014989584,-0.999882564,0.003192521,1.98454216,
3013,0.014340974,-0.999896328,0.00126929,1.982730996,
3033,0.013768909,-0.999905063,-5.55E-04,1.981321998,
3046,0.013165612,-0.999910962,-0.002180915,1.980232172,
3065,0.012545571,-0.999914699,-0.003640161,1.979296422,
3084,0.012043065,-0.999914914,-0.00501258,1.978465813,
3104,0.011727104,-0.999911103,-0.006350166,1.977516104,
3124,0.011586948,-0.999904732,-0.007507344,1.976342542,
3144,0.011545707,-0.99989829,-0.008370108,1.975026705,
3164,0.011605481,-0.999891051,-0.009120422,1.973914616,
3183,0.011785916,-0.999881802,-0.009874392,1.972749235,
3202,0.011883663,-0.99987543,-0.010389558,1.971696218,
3222,0.011807143,-0.999874228,-0.01058867,1.970993098,
3243,0.011793653,-0.99987252,-0.010763187,1.970140897,
3262,0.011853949,-0.999868878,-0.011031661,1.969424821,
3281,0.011899878,-0.99986559,-0.011277479,1.96915065,
3301,0.011858419,-0.999865052,-0.011366586,1.968993234,
3321,0.01173739,-0.999866051,-0.011403605,1.968798885,
3340,0.011462846,-0.999870496,-0.011294201,1.968537539,
3360,0.011054521,-0.999876915,-0.01113393,1.968360767,
3380,0.01056507,-0.99988402,-0.010972728,1.968066744,
3400,0.010052963,-0.999890897,-0.010822446,1.967325117,
3420,0.009725559,-0.999892443,-0.010981494,1.966149593,
3440,0.009363157,-0.999895299,-0.011031538,1.964405653,
3458,0.009200756,-0.999897987,-0.010923537,1.961229248,
3480,0.008798053,-0.999899286,-0.011138448,1.961545892,
3501,0.008761855,-0.999891692,-0.011826845,1.961020763,
3521,0.008822473,-0.999879563,-0.012766974,1.960437848,
3538,0.009044735,-0.999865508,-0.013684564,1.959595131,
3558,0.009266988,-0.999855668,-0.014239971,1.958775008,
3577,0.009536092,-0.999849783,-0.014471033,1.958268062,
3597,0.0096799,-0.999850944,-0.014293857,1.958028202,
3621,0.009914498,-0.999851584,-0.014088897,1.957332498,
3640,0.010089861,-0.999852153,-0.013923388,1.956661491,
3657,0.010246915,-0.999850602,-0.01392196,1.956356542,
3675,0.010352026,-0.999849627,-0.013915666,1.956560324,
3695,0.01035895,-0.999849537,-0.013913134,1.957402032,
3715,0.010252742,-0.99984896,-0.01403533,1.958728482,
3741,0.010150626,-0.999845051,-0.014383392,1.959755626,
3761,0.01003816,-0.999840223,-0.014789521,1.960316285,
,,,,,
,,,,,
Running Time : 3761ms,,,,,
